Example,Candidate Text,Reference Text,Annotation
1,"type=str, help=""Path to the model to load"")","type=str, help=""Model path"")",1
2,"range(10, len(input_text) - 10):",range (len(LETTERS_CLASSES)):,0
3,"""áéíóúýÁÉÍÓÚÝ""","""áčďéěíňóřšťúůýž""",0
4,"LETTERS_NODIA, LETTERS_CLASSES)","LETTERS_DIA.upper(), LETTERS_NODIA + LETTERS_NODIA.upper())",0
5,"np.loadtxt(dataset_file, dtype=str)",dataset_file.read(),1
6,t_neighbors.KNeighborsClassifier(n_neighbors=10),hbors.KNeighborsClassifier(),0
7,= sklearn.neural_network.MLPClassifier(hidden_layer_sizes=(10,".fit(train_data, train_target)",0
8,.predict(test_data),.predict_proba(test_data),1
9,test.data[i],class_2_dict[test.data[i]],0
10,text += test.data[i],predictions[i][c] = 0,0
11,"""r"", encoding=""utf-8"") as dataset_file:","encoding=""utf-8-sig"") as dataset_file:",1
12,"(b""\n"").split(b""\t"")","(""\n"").split(""\t"")",1
13,),(label)),0
14,in self.all_words.items()},in self.all_words.items() if v[1] != 1},0
15,"np.array(docs_features, np.float32)",np.array(docs_features),1
16,np.array(docs_features),docs_features * self.idfs,0
17,"[1, 1]","[1, words[word]]",0
18,"= n + freq<|endoftext|><fim_prefix><fim_suffix>t_name, 'r') as f:",+= freq,1
19,sklearn.model_selection.train_test_split(,Dataset(),0
20,model.predict(test.data),model.predict(test.data),1
21,"(f""Dataset {name} does not exist"")","(""The {} was not found, please download it from ReCodEx"".format(name))",1
22,s.append(prompt),.append(prompt),1
23,),self.CLASSES.index(target)),0
24,"sklearn.model_selection.train_test_split(Dataset.data, Dataset.target",Dataset(),0
25,' + train.prompts[i],+ train.prompts[i],1
26,(),".train_test_split(train.data, train.target, test_size=0.2, random_state=args.seed)",0
27,,model['model'].intercepts_[i] = model['model'].intercepts_[i].astype(np.float16),0
28,model_file.write(pickle.dumps(model)),"pickle.dump(model, model_file)",1
29,"""rb"") as model_file:<|endoftext|><fim_prefix><fim_suffix>e_name = 'test_app","""rb"") as model_file:",1
30,parser.parse_args()<|endoftext|><fim_prefix><fim_suffix>e_name = 'test_app',"parser.parse_args([] if ""__file__"" not in globals() else None)",1
31,bigram[1],"(test_data[i-2], test_data[i-1], word)",0
32,"lambda3.get(trigram, 0) if p3.get(heldout","p3.get(trigram, 0) if p2.get((test_data[i-2], test_data[i-1]), 0) > 0 else 1/vocab_size",0
33,cross_entropy / (N - 1) if N > 1 else 0,"math.log(prob, 2)",0
34,= adjustment['decrease_lambda3_by'],= adjustment['decrease_lambda3_by'],1
35,100 for val in adjusted_lambdas],total for val in adjusted_lambdas],0
36,100,(1 - original_lambdas[lambda3_idx]),1
37,100 for word in words],vocab_size for word in unigram_counts},0
38,{bigram[0]: count / unigram_counts[bigram[0]] fo,count / bigram_counts[bigram],0
39,"p2.get((heldout_data[i-2], heldout_data[","p2.get((heldout_data[i-2], heldout_data[i-1]), 0) > 0 else 1/vocab_size",0
40,lambdas.copy(),maximization_step(expected_values),0
41,c_right[class1] += 1,c_right[class2] += 1,0
42,(c_bigram.values()),(c_bigram.values())  # Total number of bigrams.,1
43,"(N, 2)","(N * (c_bigram / (c_left * c_right)), 2)",0
44,"float(""inf"")","q.get((l, l), 0) # Adjusts score by subtracting self-pair PMI if present.",0
45,"q[(a, b)] - 1","q.get((b, a), e)",0
46,"ck_right.get(b, e),","r_count,",0
47,"_pair = (a, b)","= (a, b)",0
48,_filtered[w] = class2,[w] = class1,0
49,(filtered_words),(class_map_filtered.values()),0
50,"+ ck_new_right.get(j_word, e),","+ ck_new_left.get(j_word, e),",0
